0,3.1240134944882527,0.0552228456850091,110.32913164404438
1,6.903537903731193,15.728098053466628,57.10784321241127
2,35.918008615110665,11.165948715515793,49.28221289491697
3,28.71057891606149,20.8436619410141,30.987394941537364
4,26.513317437012525,18.397356404466592,33.49089635113428
5,30.157585732951276,19.429754208773407,50.87535012617401
6,8.145019384884774,27.13708336004785,64.18067228139726
7,14.609738718142724,4.525558859949625,39.285714268729464
8,2.734965202694181,29.48915421534054,42.24439771281328
9,-2.650737903760528,17.74095916314497,43.33733491763009
10,16.514543946720558,9.629757211496697,51.873249321615106
11,1.9881648589757823,-1.5694649732744652,42.4136321243136
12,4.623483231767683,16.03751853280609,56.93277310399089
13,20.743150370006763,29.835704041073082,41.03641454935406
14,18.937992710153388,30.59791085863755,64.14565832692541
15,15.024600736678805,42.25641894037042,46.57863143301085
16,14.079899618437754,11.667629158556732,42.997198890674866
17,-13.881025449854274,4.671991250780131,48.159263688385145
18,5.893410390976678,46.21828020619053,43.75000000535516
19,-4.514568447738667,55.93918708487688,29.99999999341471
20,-7.921341441263302,49.753877155997195,26.657329595142457
21,-5.9536373432583565,27.470430059290422,42.517006797708646
22,-13.515354364708552,43.70172812544906,28.01120447490592
23,-6.676192158654189,42.22810571761318,46.965452868997474
24,-20.10351612745256,22.847123658438363,36.939775866899595
25,-11.742786334807395,22.455344073461156,44.56115779460908
26,-29.912893827033262,29.022915147213997,53.174603168228195
27,-10.5483595470536,40.74255783359143,41.71335199771776
28,-13.625144477856788,17.177269886630974,52.853641465181184
29,-33.165654234930074,12.205075123626465,39.70588233903575
30,-28.589465228414788,24.851653598544242,26.862745084473325
31,-27.713190410572935,12.888368639833732,33.893557407780314
32,-24.55343879863748,13.233607828289324,36.93977591383224
33,-21.288279627811225,-8.046610050560709,53.76150463421167
34,-36.78630035469051,-6.723366107850197,52.34093638669444
35,-29.666185055239286,3.502958841737938,39.03561423029351
36,-13.512137166498466,14.635431589433235,43.510737601028886
37,-2.6094388706169562,-10.324133801673291,45.0980392048888
38,-23.968779404571794,-11.730820257259811,56.045751605690896
39,-28.323885072492267,-8.276576622346838,50.91036414539983
40,-25.847285008691372,7.514111702960157,57.843137235318004
41,-27.72281517764453,-6.034971320897409,72.54901956491125
42,-34.75588338384879,5.167358177732563,42.256902738771196
43,-9.997909686803382,-14.393578476654909,33.05322127517734
44,-42.97650537272604,-11.033583462110602,34.957983176428435
45,-2.281834940827755,-30.193921982804866,34.34173667999138
46,-37.3360303197394,-2.510451147973476,50.84033612058573
47,-22.737281754912544,-10.711016721415582,41.56162463129395
48,-25.12710509087598,-29.41857422453186,52.5560223620158
49,-18.90756302687464,9.713425737162488,41.97012138508828
50,-27.373172304684587,-26.66002341231813,30.448179261398444
51,-34.06788973671331,-32.10318974190534,27.964519138239726
52,-25.781011880094013,-18.00335283801352,38.305322132541924
53,-16.218492414102105,-36.58491338502585,54.08163259780255
54,-4.576050840958164,-38.417702764720865,50.23342670586054
55,-28.13778201667485,-33.77286770004392,55.04201678646975
56,1.6921334156161452,-25.933286438633452,56.80672269156493
57,-9.322092479506953,-25.020513251569785,61.32119513540822
58,-34.531701568765556,-32.35294117942752,57.46965453122686
59,-19.4078894203233,-36.47446351390135,71.28851537837087
60,-6.13054312447388,-38.07803927160404,89.0756302747451
61,-8.782638602928914,-27.68150982729672,62.394957974295224
62,32.48887433850556,-30.11204482352761,50.00000000830726
63,-23.274468030333303,-36.00158242911619,52.26890755667297
64,18.590396982031056,-15.224429402762745,77.90616239010454
65,11.828601403223868,-23.809885888137742,66.2064826530622
66,17.749081936613763,-35.793736657654364,54.954481751224634
67,-15.38646652096308,-46.21854204670512,72.92250230093867
68,0.6307826206598577,-21.465616522771576,62.35994395630289
69,0.055563513451963864,-55.048019758874034,71.895424808481
70,16.91008852435626,-46.76388607734893,62.264905925064625
71,26.20741307021487,-40.55445827815882,53.02521004317635
72,4.421519875618488,-40.00197678779517,44.08263306943258
73,11.983285735291933,-47.92443993271229,42.874649835673324
74,5.822649326936019,-40.74402009897966,38.18860876667442
75,17.92509158692408,-28.61156402943176,34.640522871718574
76,20.890035282025252,-23.313241098763584,42.63705480756131
77,28.025509051616826,-30.962323095220885,36.36788046672081
78,26.970030413361542,-28.18041355491146,38.79551819817873
79,38.77322475466765,-38.42652040877549,41.73669468962339
80,17.914271744173405,-32.29301313603212,32.12535013153589
81,34.978676627515625,-45.31088021395911,33.870214758486924
82,25.17031304304532,-31.60407091045143,29.411764712630735
83,33.91429534909787,-15.696674374272668,20.42483660024384
84,26.34281865663375,-34.80165294004832,20.76830730569168
85,49.10419244269989,-26.48991264459701,14.565826330824137
86,36.101873382815036,-28.828677892866175,23.949579821006946
87,39.227953184433574,-9.435963326229311,37.184873945205936
88,38.601364760517754,-9.17324251945342,51.05042016267294
89,51.752860939389535,-8.77308617888387,37.114845932652116
90,20.486572147989712,2.968335020148632,58.123249360436105
91,46.034913183587754,0.7417180434163173,23.319327731024895
92,39.149555219386855,-4.661971145809817,37.675070011730305
93,41.108046724542454,21.874546113489643,33.36134452580132
94,39.896824016116554,7.176604640190117,33.585434166797036
95,44.65729554716006,15.38927860191183,45.12605042009176
96,46.72461405583317,23.214785897903134,52.62605040602151
97,51.49089177239167,20.749739279024023,60.6722688843846
98,34.39806164697584,-4.463569120586101,60.66760036279875
99,8.61821493032939,15.990916558311646,65.79131653120086
100,41.51964990194253,8.67586597088333,65.38281975649512
101,44.846986746007744,26.60093076259306,63.30532212712823
102,38.86628638242639,24.86395313350517,52.85714284912789
103,39.52528480804952,27.3334417616908,51.58730153241501
104,38.397214913438674,25.70907485365231,47.53901556944177
105,24.02473107783508,27.03643574836311,45.728291303830794
106,43.34688165744495,30.982741564680552,32.01680672229428
107,34.84277799464635,43.929927987372864,31.68767505051029
108,28.42225270538666,39.72157713391921,38.74883284100247
109,31.99528124962557,50.48986087678347,40.44817925929297
110,26.409521696506044,42.73266372526703,53.71148456735821
111,25.954551002441622,55.1870924586496,52.030812296511854
112,23.195673866371187,44.97882145221477,61.1111110897047
113,20.399397965711774,39.34801105169163,70.30812322148182
114,21.05155949711968,49.459406603237724,82.29291712308627
115,-3.466685468619435,30.980704530383623,77.2829131049844
116,18.41981066712701,46.7701406691773,74.06162463016291
117,17.590604262782698,50.57633983691902,68.58076565190642
118,11.353117005013319,59.22266878850404,94.08263308470372
119,11.017740429318732,58.60172347355487,55.966386553193054
120,4.487373233972719,54.7050587552365,48.45938374304074
121,10.007085322994216,53.88144393762132,46.21848736534995
122,-9.843718233504086,50.478387980573,42.88048550107274
123,-7.180324985915053,66.79881286550776,35.32212884152183
124,-9.259086880683256,57.55822230072382,45.424836596088774
125,-4.602390489965591,60.233818748080495,30.16806721447511
126,-28.273353114429128,42.03477013968461,36.344537827398426
127,-13.628163386229957,54.519691677127305,42.20354807349784
128,-17.050436323334065,29.96346262734761,64.54831930640853
129,-14.993628327608917,43.37646966700967,55.502200880310134
130,-11.187823605768182,37.32029802641299,77.65106039874782
131,-19.653399218061484,29.204654046095698,61.52460979829296
132,-15.401685909703698,39.360261740333385,75.19257697161774
133,-19.526038102951436,41.282500768326784,79.25170067011078
134,-15.933318178262835,30.74537093045368,81.71268505936877
135,-22.4524010286755,27.44036115582449,90.61624649465514
136,-14.90414976617637,38.5086395218032,91.49159653904194
137,-25.35817858782184,43.3028412829131,91.45658256533471
138,-17.61698320801527,31.51294383458211,77.63772174380529
139,-6.232691289895432,38.2309640577594,77.8111243937927
140,-2.82773211616135,17.80345091344148,77.33093236527526
141,-12.441986895802371,-4.738905666137519,90.94304389721731
142,-29.514446464618544,12.343617102892763,60.504201668367024
143,-32.09700544949945,26.90206383579976,66.42156862697803
144,-19.284169455602274,3.9423812456893463,71.18347330093823
145,-31.889129345639166,9.853688941869272,56.37254900384305
146,-23.282627430399163,10.272097467198886,61.704681861402754
147,-31.398148450952455,-8.768264878223443,64.40242760919364
148,-6.908679287953814,8.614412086886277,71.00840329059002
149,-18.32871353101093,14.139404408209048,65.42950508953615
150,-32.72916654303698,-1.897141855735446,51.65266102748763
151,-38.75670467861188,2.7559761242039404,58.62745097231856
152,-45.60295830850709,-1.3099381180124972,67.19887950112569
153,-42.737390368229754,-2.7114701101472583,71.8767506517363
154,-50.777389201503375,6.408843832372121,78.04621848431427
155,-20.229260027638848,-0.8013761037520942,86.05042012972271
156,-43.185468187601245,-0.3773281183383279,84.17366948299238
157,-12.610816738365807,11.359344677347085,68.53408027337117
158,-41.381037230072025,4.825748475689449,78.3473388992028
159,-50.61682244506709,3.0240732634068115,73.87955180459424
160,-5.787639539018135,14.99152015252311,74.7098839458938
161,-44.30203644115179,-11.124715868726666,68.28731492644525
162,-37.122855055306715,-10.537183369014429,59.94397757837121
163,-40.32743143463816,-20.20315447790112,52.310924337669746
164,-22.489585845798597,-2.0853403784556868,61.55462184223412
165,-32.09846309509143,-28.95750975245234,63.970588214989874
166,-27.888567041764244,-29.114234080893844,69.56115780580909
167,-25.90119547670866,-27.093733099000595,84.87394953648965
168,-10.107054167411524,-25.59294802135605,84.90896356731834
169,-32.4187570279896,-28.921715125122823,92.39028941770235
170,-19.77182536893791,-28.92644175740427,105.39215674270011
171,-19.14178676427488,-34.26371432806777,110.72428985235851
172,-15.861810191050317,-30.776569016717772,117.17086831208567
173,-23.26018030807336,-36.22410828896928,120.58823517335937
174,-31.869458166615086,-30.562740202152366,106.04575147815446
175,-19.017051243527398,-40.31018969765205,102.9061624058309
176,-14.375295555734178,-42.253805513068,90.17607034692273
177,-5.10349213865446,-42.204595181107564,98.639455700939
178,-9.532431126175476,-37.189184746880386,85.74229689885532
179,-5.106355657648663,-42.37194874424947,77.59103637502889
180,-2.905985628154457,-41.158417887611336,75.91036415256414
181,-7.020126219957354,-31.570646739397915,67.7871147909251
182,-4.101025914537624,-26.09600572447089,61.17647055509089
183,5.194725553419371,-48.309380166471925,66.85340801935098
184,-12.731673181489944,-25.6609779700547,59.36041081582853
185,33.656424670912614,-26.35288287946418,56.47058820850058
186,16.946778709819966,-62.10653953503215,59.59383757499033
187,7.130488550428847,-22.592956366465206,62.69841267101654
188,25.974110189930695,-34.81020352846364,61.31652659524058
189,41.817725365948064,-8.835023902316985,53.47805787433111
190,7.779269268850214,-18.058639613587737,38.99159664226595
191,21.44264775811314,-1.6350277909919821,42.36694675610199
192,19.900720364410155,-17.968692514074192,37.394957971346706
193,32.43395622335169,-7.378485299972036,34.6988795424795
194,32.26576611870941,-10.474893237637767,59.33123244673388
195,16.614248378095695,5.631747634796455,53.12124847412637
196,17.548045712810364,-10.123118686472841,53.939075614541004
197,30.60168002492564,-9.132898101441718,41.08309990201255
198,32.82743060599195,-10.912177995934748,44.81792715917348
199,30.74016641887328,-8.86042800198257,38.982259552569985
200,41.4335531892389,22.426121956224495,73.24929970340376
201,48.781753424985794,16.831856470850937,79.49579832546684
202,44.1461007582387,10.543080437134718,73.70948378848468
203,49.87115383870191,30.100834946892643,70.81232490881483
204,12.354485543946153,21.360299996038936,70.08403360462705
205,16.38655462269237,21.338282780769312,60.92436976146607
206,19.86477923976929,25.618737377619144,67.68207281277985
207,25.228783423254352,16.060944569644715,67.43697478999131
208,27.138415957049776,-21.741135856678856,79.36507933257232
209,7.130488549043486,18.829789468380888,74.74323060056072
210,11.764705886783783,31.21629454528606,75.49019609922954
211,-6.920689137299823,14.719320374496116,80.61624643006168
212,8.744971043333484,10.950909380402715,74.829931910019
213,-14.845938356728748,-0.0,83.0532213008833
214,-11.31764681083102,5.7557424194630045,63.16526607688411
215,-6.132751062063351,7.63305322075768,69.81792716570679
216,-0.9803921566019436,19.607843133658307,55.81232490973391
217,-10.047531613499656,19.607843135323613,56.991129774714025
218,-19.114671070397367,19.60784313698892,58.169934639694134
219,-8.797791851131802,28.176998071071512,96.3585434617308
220,-9.751739073657673,33.86982060795104,68.06722686981671
221,-15.117166374122604,43.2741193563974,74.83660124757363
222,-6.261249455412832,30.951423484824822,65.23109242613208
223,-9.820343964607249,23.80476263389658,52.29691876336799
224,-30.44740115724921,29.49115670772873,60.67226888080831
225,-30.5980144382547,26.982649105334367,62.04481792674838
226,-26.870352977338037,24.514165111611142,74.36974783741492
227,-30.107523606576688,30.672724433538757,77.42296911662405
228,-20.583474108040242,30.675934482522464,85.01400552134673
229,-38.19060533254978,29.031601682207352,85.32212883303345
230,-20.311372009402973,32.41959660059719,74.00560221981925
231,-25.383440383650942,27.919378999120127,69.8879551499312
232,-25.155747719772982,24.058252449137015,66.07142854926144
233,-29.150813515385295,18.678318131125383,67.42296916511461
234,-37.091816498173166,11.871112073167733,57.19887955061269
235,-26.017305057262117,-1.0878046506858718,55.546218493374234
236,-40.53957691197583,-1.148198338335649,55.85434173401775
237,-45.346542618959916,4.079470166951293,59.80392153568187
238,-46.39627564367663,-5.588164556187616,61.26050417053225
239,-49.29478605715043,-8.315737905909197,64.42577030112218
240,-45.558990038824646,-14.467742523772984,78.57142855311142
241,-39.46924978134332,-16.629463215675155,83.47338930591063
242,-38.24916326001964,-17.873780812197083,89.11064420298098
243,-32.780440415930755,-20.447221805094365,97.26890755501573
244,-20.536153425681615,-30.39798450243579,93.27731086297183
245,-35.54334990961105,-25.308973336422543,107.82312935054557
246,-38.28520798089614,-20.561790356708883,104.30672262046947
247,-32.60765330175467,-31.75542015563114,97.03081227580434
248,-31.795778889630366,-26.812128874211396,88.34033611400584
249,-22.939925103215423,-35.51681444061613,84.53781511727679
250,-20.56745423924079,-31.715866456926904,79.29505130424896
251,-14.45701513523241,-39.18444144996981,73.43604109510622
252,-3.433904743992454,-38.52188406574378,80.92903825172185
253,-5.59828742952589,-46.14855208753296,78.59477124164938
254,-23.09026806013706,-8.156496611145874,60.41083099474264
255,6.047430775838117,-43.25982746477528,65.18207280747592
256,12.092023672512049,4.777792443892604,106.30252083246933
257,-3.457963983629371,-20.617440150363855,92.3569428320419
258,9.319055913270729,-8.948478385504053,103.0637255577029
259,15.266106433631982,-16.821092024445022,103.54808587175881
260,14.184868385521614,-4.178151044371283,90.2836134739715
261,23.885153571456495,-21.91995512421642,92.57703078835449
262,28.344249297621637,-16.170536383103475,74.85994396071372
263,39.31572120882883,19.607843135561364,108.68347340534656
264,25.95273965847431,8.378727747388918,91.28151255982289
265,20.60629637671112,0.44419788393635806,85.22408966213094
266,13.66053659398547,-0.14611527822612488,86.79471790233461
267,23.039215693959758,2.100840335394606,88.70214757436311
268,31.95595114904685,6.364374447254803,80.292116866198
269,35.1572699347605,3.052829720395813,81.51260505218765
270,19.272279606698778,15.149844442499345,84.36974788577724
271,24.774229543487607,6.338212043742294,87.28991594414656
272,28.64560089149019,7.831924416594262,99.40476182910625
273,43.6389353540326,3.4428569255816885,81.83940241033234
274,45.7110615795194,8.118849443222588,87.37161529124096
275,39.72593580995032,14.68853702406551,93.66246501138552
276,28.71678258185067,13.04380378844267,106.22248899518237
277,33.352740952421875,11.376064372918254,107.14285709195883
278,31.422816574263454,3.9674489264907264,120.22408955787563
279,30.71962117476628,10.034766427205362,121.42857150583662
280,38.45130643620709,11.377362380511993,121.06842741063639
281,31.510994960630985,6.121089842465647,127.75910361957799
282,32.01201631536545,19.809050761651267,115.14939304446216
283,20.024845802497516,28.994762031258894,108.16993457474753
284,23.979690356772252,23.885431274126724,112.0448179967709
285,25.066002810665136,24.47762604227447,103.75350137391074
286,23.935802418887537,29.77471878253826,97.42296917984586
287,24.515305263578306,39.99782653786332,92.96918767684693
288,8.703203498345719,15.890424347172946,132.96568638054237
289,15.218900684771635,29.86658297310501,102.82913161800242
290,16.343933871652798,15.502118231914302,114.28571420499803
291,27.43268014982293,21.25191490073587,125.70028020427834
292,22.488237690172348,18.153038981634822,128.4663864519845
293,8.529341029470565,24.830230064948843,129.02661075489328
294,4.761559745067434,22.846606152557126,139.46078441660256
295,2.008843943801615,21.623017880171354,143.20728294469657
296,3.8801863348035996,13.828536888433407,142.47699094869952
297,-1.4989910077727466,20.472105496480665,157.10784317757245
298,-2.4229110804620952,21.016878964576208,149.55182084596703
299,-4.371170924453718,15.560155721458385,143.6274510493129
300,-3.8891263560225844,32.18623304010445,133.33333338449836
301,-11.98944982000884,27.91239980656791,135.65826350284294
302,-10.084033612452224,22.06721575685252,123.99626515235036
303,-17.652275543796648,12.947530012172253,140.58823533581085
304,9.954569386104666,6.564836376380987,138.7488331629536
305,-26.137670050940162,-1.2107786880465627,134.5588236683732
306,-24.43157903279445,-3.625922592365419,137.11484610089357
307,-12.324929973337792,-21.83224803953231,129.41176466633445
308,-25.972646627233598,7.443445392258832,135.68627466757488
309,-27.08962490915403,-6.259588808865754,140.66293204051195
310,-16.97543158543414,-2.6856980203231497,145.65826341677675
311,-6.620864256819783,0.49554795223382375,143.8575432224919
312,-12.41038838194083,-1.1204481794630659,157.32959848613888
313,-14.225571887948103,-3.8551668845309552,161.02941185836667
314,-1.2435663550097238,-15.406993449590193,156.9327733042072
315,-14.848500002792157,-8.766370185155555,164.42577047869923
316,-16.786215973184696,-11.983728130078521,162.16153148465395
317,-19.87231761126323,-20.42723151240937,167.9271711501895
318,-19.513022688313836,-16.4817067673547,157.25957079530684
319,-24.925804486011078,-9.351669107634402,145.53821536318887
320,-19.815033337396862,-19.62023320067992,139.91596662113704
321,-10.805501490260216,-31.02564762796775,145.8683474747059
322,-2.0133246843690755,-26.50023729547532,149.03961594623803
323,-6.3487692956548125,-2.430317240581419,144.4257703885899
324,1.3834018634022824,-28.96515174128372,157.44631224001185
325,-10.281749059499866,-23.903227968237083,156.05042037372635
326,-10.032201851619599,-24.563239860547068,149.4397760867745
327,0.9568646233161884,-22.189476506725246,146.63865562793433
328,10.856903357079936,-16.276785962905088,130.95238100526376
329,17.78711484875586,-14.300083628936129,147.40896360956512
330,9.339983474180576,-20.74699072478836,140.3828200304656
331,15.209231843996333,-22.96482903399182,144.16433256426765
332,13.160124416637593,-25.493168158331475,156.30252120395158
333,27.18116961497586,-12.812912211437112,161.23249333652086
334,26.30207470127514,-14.096155295726152,145.02801141472787
335,23.181448092865267,-2.2328691533282488,157.50300146512944
336,6.982842380343692,-3.1515623967983997,167.69958014002242
337,26.412506066068744,-2.1482961852662927,173.02521004193488
338,20.09356267584019,0.09903456319541613,177.6610646097559
339,19.812312139521364,4.639242903145899,174.7665735789569
340,4.452099028426915,-2.7487712300460467,182.79645244994208
341,14.855184480281878,-11.626357608848249,175.95704954485203
342,24.92997199597587,-9.383753503845444,173.73949589876196
343,26.511540649458365,-8.646221112159315,161.9327732777931
344,20.90022402876063,-2.2700119887835926,157.77310940493362
345,21.966046521186403,-1.9835333165360642,153.96825407894076
346,27.656445838069704,2.7503586105260505,144.70121407414928
347,24.60907892875903,6.918232532744133,143.9075631676181
348,10.029078126576673,-0.9641120514262986,128.263305480949
349,17.842022806918855,0.33538235041579645,156.89775922674292
350,12.526768289157905,11.747360563196679,159.48879582851376
351,16.237649100671817,8.485654361338284,169.8529413741216
352,13.380275085974244,-5.445318280766383,156.14495808031663
353,10.51340906990545,-2.8876786391041573,164.7338937307239
354,1.1289952807891157,-2.2224962487583353,162.18487399181956
355,7.311315941782958,3.647689715978917,169.15966410172
356,14.13936424994329,-14.352485567477046,168.10224102944213
357,11.834624179917684,-9.985987170619943,168.9775911969355
358,2.799746161989047,1.1003643872363775,199.5398162373051
359,-3.5369248690054524,0.6946995948771715,198.31932793023168
360,-0.598496972629214,3.547523803350484,187.43497394564875
361,1.2845340163934538,4.559712772920554,187.84313737765675
362,5.6178582533540675,-1.2448868449480917,179.48179274275617
363,-12.32057132421739,-6.261999733644032,145.51820737642774
364,0.23623422766582802,17.454407676319093,169.80392160435656
365,6.474925828809342,10.72139714044992,162.5490197641579
366,3.9043411943783015,9.08641402416586,157.52801128765594
367,-6.98254048883488,15.186625152075798,157.5630253892253
368,-1.3829648007668829,6.01270558541067,161.06442594563038
369,1.596685814647501,9.695669512422196,162.02147539764292
370,4.015508556986688,5.688170890749466,161.82306254335722
371,6.434331299325875,1.680672269076736,161.62464968907153
372,-5.887277886402167,-1.448217334006989,180.35214104923912
373,-2.195752037219073,-2.2998812330894944,187.79178373331297
374,-0.9522394785109677,-12.915014490966954,195.0420169129858
375,-8.295796433602687,-10.444696400609187,184.41376579878445
376,-11.779508086636628,-16.82358632580335,180.02801122496896
377,-11.991830404553601,-6.734350298682942,173.03921588375644
378,-12.379320404186487,8.646574803494575,138.23529430332292
379,-4.761621820503245,-23.528845877220252,165.7142858717787
380,5.718267103824042,-16.864382106335597,165.93137253046206
381,10.94412750057232,-24.400647369215665,171.31185827243314
382,-2.2214062386186884,-5.2683219909217724,149.7198881779974
383,11.124750403174595,-19.457195337104753,176.72268918888125
384,30.30284714809818,0.9777054672690536,122.98669477830528
385,5.026518549363402,-21.036420321942412,174.47479012691718
386,7.0429163861556825,-21.62442634351984,165.4528477461709
387,22.315454797296248,-4.555589908015278,150.95238113623486
388,17.151197971173,-21.775014213351298,150.4201681782081
389,19.85803174411729,-24.115567209939407,147.1521944235657
390,4.609234669928717,-4.296026201156443,133.66013092086905
391,17.033944869882195,-18.99600580588847,133.1232493255389
392,12.435523036113382,-22.097650498872135,132.71308534325092
393,29.544614023612244,-19.62518576239506,123.17927168522127
394,32.929077157023045,-18.094363700524557,133.80018685627826
395,33.50036683158081,-14.519626599815762,124.43977576688654
396,40.68667109693471,-12.544363700200954,119.55182067844132
397,31.869887912376164,-14.11421566536972,107.73809524466456
398,29.885184687900708,-15.955475609054536,101.4565825503527
399,23.372156911114736,-14.797525058135218,95.23809521546285
400,28.18275961211786,-11.040344158898016,84.17366945454712
401,14.312267451846608,-8.402023134167894,106.54761903558298
402,13.040994168195068,2.3651682937847394,111.4845938244201
403,26.708971440973407,-17.703461840609698,98.99159656053656
404,22.87316173328236,-3.319649312708378,104.62184874727491
405,37.13258785936697,-24.712746194949847,104.72689074134423
406,40.79232700647053,-20.912784287959553,101.96078427761438
407,50.45102884819153,-16.283043500769406,99.8599439021066
408,23.062965076455434,-9.454281701585069,109.01610652968238
409,39.45698479173131,-10.824461083931686,95.11804721018488
410,36.29055828858196,-5.7228901624231305,97.43230626702831
411,46.720962777525315,13.636659201573405,89.13165266274953
412,50.65912051146899,9.468107943349354,100.95238089161597
413,41.16289948433438,-4.622091262361917,98.80952380707505
414,42.96016215660035,-7.8413604426398775,105.20541547130357
415,39.237801144750975,-3.6543253596920557,111.51960776550767
416,35.272786697877095,-6.919236541653092,119.46778705121675
417,31.09685283663939,-0.3140953341831738,126.61064419008612
418,27.53160857269972,-2.4395347350136296,136.6946779751011
419,37.0851650455016,1.6594350145021408,124.78991619075141
420,36.085333093228954,14.495798314516273,120.02801111874335
421,16.38997011377887,4.901960783685929,139.63585427306626
422,20.2763500044764,12.82050253048659,146.00840358721715
423,2.158853440167007,1.9607843135568426,147.68907559833931
424,13.61368452790403,17.539424852342673,133.6134455046588
425,15.05325360737363,19.09411743742975,136.22782452426907
426,19.993222878561067,10.398933987180387,128.32633058146158
427,31.554529209149372,22.40388325607328,123.92156863422399
428,25.338625337914124,27.729677694490892,115.6862745219134
429,32.48379399487496,25.401011387793435,108.54341729234152
430,31.290661202315775,23.07536380147177,103.61811378773851
431,35.961580585057256,31.718295396535805,95.2380951990392
432,30.137050588883394,29.43762435001243,90.25210083322374
433,33.77078604791868,26.41163196851247,74.50980391959396
434,38.79551820252056,29.090131014364808,78.80485526358358
435,36.74182293883325,23.669260603872026,69.53781511472319
436,17.149841741787142,31.84068170343221,80.02801118658054
437,41.65273682547516,36.704777839735506,59.69887953462453
438,38.170919561314726,37.447198092156846,60.24743229034024
439,36.87475323305157,48.688872802804156,60.64425767808856
440,30.860884751457878,49.78764735008177,68.38235294866138
441,33.09970956156255,39.94802463464632,80.19607844221717
442,28.84756214354961,31.8437673501118,82.09283705981225
443,29.121016216439337,31.77881165014341,88.90756295067372
444,32.492997204242705,49.32887294355287,91.52661068366947
445,28.618998974820755,25.16947240144411,115.03267973391647
446,24.59840796560777,29.868680062079804,111.43790844041119
447,20.821995459349772,30.266323685919893,118.73249303222167
448,22.99908473201846,22.398266119263166,134.77390966125597
449,18.634964963933765,32.69560406795484,109.57049487692738
450,14.765804461190205,13.407266073104438,114.92997196856791
451,-0.839305417350052,41.774524587219034,112.78511405190329
452,20.15818701142363,32.15107254844086,103.71148470099351
453,3.0832939328932776,39.036463037905335,95.09803920637323
454,7.019223514236193,40.43365660297968,109.99066292252787
455,5.234102895075294,42.61477735180703,80.70028009817472
456,-5.327532525663646,3.478047784614751,126.26050427739511
457,1.4201134865535536,33.07277454786522,68.86087766451996
458,-1.2094166179131458,19.248459322557103,95.93837532100753
459,-7.764224007777475,36.12778006739394,80.60224087935988
460,2.831619184013061,20.6656980727129,115.93837542578032
461,-13.765873346337585,37.41295000506097,93.52941177818833
462,-21.039367743911384,28.700219947703374,90.23109232624897
463,-2.9721753935898843,25.05232899131781,113.61344534143596
464,-31.15007855119458,10.166755347970886,114.21568632681723
465,-32.3036049276401,25.274427935810962,92.10084033874467
466,-24.680560497608774,36.48089104026782,87.11484595176583
467,-32.871912208443355,20.144159499034334,103.38935575757918
468,-20.959141221902783,13.471358233594698,108.12324930293725
469,-27.83645779328301,8.561262881774411,117.08683468955338
470,-21.576165805907777,13.659800611430423,123.3660130498279
471,-27.135470320921918,7.344695451216067,130.20541559133719
472,-8.641411105464066,13.20739153906037,145.49019622015126
473,-12.745098034013973,5.218471238036281,142.57703071757962
474,-15.670813770255565,5.994825533847821,152.48099242359586
475,-16.646656135996484,10.857507144881936,160.60924393436872
476,-19.41283581677244,-1.1904761914385675,163.1185806977179
477,1.0523401264865129,4.171537300463867,161.20448190044394
478,-1.4338075274865325,9.070394138941639,153.4663866870384
479,-16.222956711513707,21.930538450830927,132.84313728488422
480,-15.979019553153204,4.972842670814271,155.1353876549424
481,-12.90883020160189,-5.918220824552513,149.6498602053625
482,-22.782727992341908,1.8473715246588527,144.8354344050309
483,-30.325828995603064,1.7791030536719978,140.53221309489086
484,-27.812493989313683,-12.66793288663221,144.25770327696452
485,-27.701496412567536,3.76532600297839,125.14005605899204
486,-23.830784830236674,-20.913991858267266,132.002801232883
487,-24.15268896906019,-25.02750771117884,125.07002792853588
488,-27.184737515791102,-19.371598805792598,115.17273587814472
489,-17.342954398726082,-33.036421338277904,137.62838477588954
490,-20.422063048331616,-41.1314763579591,127.68440720658685
491,-18.00427576050177,-33.50300386265574,119.50780302860578
492,-10.582371828036381,-38.002936847147055,114.50980390770223
493,-6.27024546062681,-30.87460738294285,112.53501388175337
494,-0.026945119859618817,-30.799749151636924,116.87675068006244
495,-8.714982610473156,-19.641531682283734,117.64705875244492
496,4.493807618944753,12.106453721198221,106.93277323254708
497,0.630855878810302,-25.205003706233583,140.23109246335954
498,-2.6610644462880604,48.4593837569604,86.83473390720239
499,-11.745299116837241,-23.20877844317572,140.65126044463705
500,49.71080682669829,33.49864520718221,46.97478988838105
501,44.667450277865804,40.50472963286235,40.16806722105662
502,41.394377609924426,36.2167610996256,43.884220357674096
503,38.54459967151651,59.074447953894875,56.82773111030597
504,25.411318560469105,50.42433382779555,35.994397748603156
505,23.52669474342603,52.87149323367183,50.30012000345233
506,-5.221472364000318,46.078431382585656,42.99719889153638
507,6.982290389648091,38.058770615746084,48.627450957822084
508,1.2682762547809538,30.84470023040782,43.69747897767649
509,-4.951728159568329,24.675361712356032,40.47619047175953
510,-11.785113018332025,26.046090117675874,31.652661059776698
511,16.430491380170498,37.26997866958372,39.77591035164524
512,-4.2181417788294935,-1.0427050153896824,57.125350141773396
513,1.6099672007529482,19.789670893211497,45.95588232570199
514,4.9659813364036705,1.4542003709446019,38.6729691732244
515,-7.819408806984012,27.728878228534704,53.10457515844152
516,6.1486244390071665,-1.6705419490298024,39.13565425723883
517,17.817902390993446,3.776113120666195,49.17967185000969
518,14.609011154299251,9.449738297482526,40.382819785981965
519,-21.431107181291473,2.415608558849168,42.32026141454662
520,21.925702081518182,17.509564419143853,56.60014003979891
521,0.7987484945126593,6.539319217171158,48.78618114551943
522,18.04325592204553,22.013531480226675,58.309990667297065
523,-0.6932419431437675,-24.65960623411705,47.478991593787214
524,24.926015850588666,6.816143121455064,41.73669466936697
525,26.021310015720456,7.851279388244379,43.52240893569505
526,23.73944399950286,20.27966571655314,57.10284112481887
527,38.530465699810605,2.6911835211410784,42.436974766169584
528,24.72690588996813,18.64846189390313,50.728291293566784
529,54.37278444695224,17.25793851070878,47.058823520435936
530,28.709799036378854,18.58782501548082,58.851540595259294
531,41.55576368917883,41.70662706566402,45.41316525463694
532,36.16549935233178,39.17230382069312,36.37955183104566
533,37.54632153623562,48.807255202367955,30.497198883438223
534,28.423980706161945,53.342938141428284,34.03361344209301
535,40.389567413999806,45.316765576665624,28.921568629399875
536,1.1230713426463774,-14.31141024151723,69.00093372624187
537,10.06498053645862,48.26693805485125,35.994397760062554
538,6.610099778028534,40.425701447266725,48.29598505252161
539,14.922650870327342,47.87693526272098,46.72268907474677
540,-4.047881771904162,8.10313516605169,53.61344538759681
541,6.365937781554765,15.622857728253393,54.01493931376304
542,-1.0319363392314642,41.02067338164884,43.36134451788988
543,-14.303809896031726,39.60213544391789,37.87114845124076
544,0.3953332188842816,3.900881051289133,53.701480600727464
545,-20.787997886755644,23.320338811859997,54.15499532241665
546,-28.429457621375242,12.57379718738093,49.63235294806992
547,-23.720339125415613,19.152248426446306,45.18207281106462
548,-2.873064637336486,15.586844573674789,43.59743893013801
549,-26.038905445919458,4.74725917068031,45.68627450394328
550,-11.28345401632891,-12.131733990744685,48.24929969748095
551,-26.08601353045743,14.961159545419871,35.620915021512005
552,-37.20087358932756,-12.368866736189853,42.01680670557119
553,-41.54099009008387,-9.401942591225682,43.10924367497777
554,-25.650836069468774,6.05191569625709,49.01960779777244
555,-44.04037368963277,-9.061648227014249,53.94957981833187
556,-37.48371397801382,-9.645548440851737,67.89915961677988
557,-26.82825450150571,-19.156424163238434,72.2969187173445
558,-25.064628522069867,-14.6876831477093,72.4369747684427
559,-38.359491056173134,-23.995356532301688,63.13725486691275
560,-38.66001617063076,-27.40135951627874,55.07002800068721
561,-29.152059793159538,-28.96042505879525,49.10364144168922
562,-29.617469853908545,-19.54002305734679,42.23689474813428
563,-31.089255533412278,-44.35441007507695,31.90476189817072
564,-34.040151424246844,-44.53781513818109,25.21008404873365
565,-17.933855350718687,-55.789795670563045,38.17927169760563
566,-15.512949749924006,-36.465905216365265,18.802521005044074
567,-0.4663370388894674,-46.04145995636399,28.59943977217002
568,12.331260770930967,-45.94470614991939,27.077497667888572
569,20.28725882592952,-51.18966521119879,29.936974771087307
570,33.780946704509674,-45.16861624156844,37.00280111277278
571,29.307649809558637,-35.834394328619545,37.25490195089233
572,36.75200084720183,-39.46952574831153,41.38655463475806
573,48.342296489915476,-32.019939265768585,46.813725492255735
574,34.039093927304705,-34.10979004924583,40.196078401165266
575,36.804041052190556,-30.245687906648545,44.07763106175565
576,40.30734764056439,-10.52350484153006,50.6127450609065
577,57.138527084708585,-2.147525676025254,33.36134452648372
578,49.833695764749514,7.1281780736771605,54.15499530049634
579,44.68797110507725,-9.672965154138215,43.69747895598929
580,45.394081846992435,18.1548646295391,26.498599441338754
581,48.756884025117,25.151196818876976,32.072829110543715
582,54.19443529129659,37.528122337384275,38.83053219327625
583,42.094446330220116,29.06735166299219,51.83823526838971
584,35.268526573966206,4.960974266990629,53.186274465325496
585,37.394957982758186,51.06172770349248,39.54248365721131
586,24.13204171530017,43.23490506132746,60.55088701535851
587,9.403054576560136,32.95415428543545,43.33733492475518
588,5.5993378504515325,34.72808746126842,62.535013995312
589,3.781512605676312,39.19948782100198,39.18067227058542
590,10.841138627213455,13.902994698168385,49.11964782486766
591,-6.1182924255840385,44.62735593635413,53.78151258073122
592,-25.259217158826935,34.12314596626872,45.58823528043403
593,-25.146740502685816,41.955671120007835,42.57703079749891
594,-44.31963186654283,35.97297839967229,43.193277314501266
595,-40.57304990084283,34.590121379342776,49.24369747760607
596,-29.434448832509414,22.192466610345786,53.68147256467291
597,-35.73202764241344,18.455369507152767,53.7114845983636
598,-30.205541771919414,10.461368881769863,59.99066292294866
599,-24.9206660590423,18.095496588768686,60.5442176249075
600,-43.940735341942045,0.9337901859550817,38.130252085170476
601,-27.40802254087491,-3.9022136616662104,30.637254888825275
602,-58.39983632989306,-11.30582788110152,31.48459383289863
603,-34.12052951183505,-3.1352263230483874,33.22829132256211
604,-44.02191427640266,-23.641555084207738,41.26050419221121
605,-31.80973732201314,-39.44106257608773,45.19140986652432
606,-22.61661731971218,-8.472697153216565,55.42216880779065
607,-30.30015453297181,-35.11715709230561,67.84313721236128
608,-16.336649120109985,-39.806535369787085,72.01213817319368
609,-13.063816423874043,-10.375099504218642,69.74789914714206
610,-3.376685190726306,-43.833016222747766,58.56675997987398
611,-9.08066171291389,-53.30481261729714,54.40176066556178
612,4.8425733906507995,-56.246008462835285,59.35574228771384
613,10.01485947882668,-57.29289522873914,63.001867377581796
614,48.48526280109042,-41.12471252300506,53.58543420218316
615,31.832451806318872,-52.9880958589741,47.731092425235836
616,39.01714556627764,-42.363824288546084,47.50700280009885
617,50.134018229205154,-45.65805613106765,42.507002807329066
618,56.030697575433585,-37.10735048188297,39.28571425282931
619,49.29723064346392,-9.237556956502274,50.880352125248464
620,47.99361408561704,-18.00619489104343,48.21428571642374
621,52.797261971595105,-7.930407003577945,47.787114832611714
622,52.41989217197313,-2.6074242796675766,58.12324928370454
623,51.560854834994885,-2.526689806048252,64.5658262933978
624,52.42176663680522,1.1198789305649715,65.56622644792337
625,51.64180672592185,12.513718318851355,57.66806721549348
626,40.7192657919557,18.63353168223241,64.9579831619156
627,39.30908555697291,26.09153929204798,55.35014003910787
628,39.94863852496173,36.08302156097614,57.212885143065016
629,30.54719192523161,37.71709185677462,61.680672247007344
630,24.810073006510947,46.44721013345352,63.2119514328433
631,12.84079035575104,23.42547370777726,67.95518204627626
632,7.264161978426017,19.55596253711107,60.1015406279579
633,27.144958130731396,43.489783920861996,55.29411764038757
634,42.26678207661541,37.62469295465929,45.75163397465798
635,24.360530399008937,51.648793316633345,46.49859943100633
636,18.43623307043035,64.25887522549286,39.467787129250375
637,17.57020817785711,57.664060500004965,37.8151260131532
638,6.7062666777964655,54.30294460284375,48.13925566969911
639,-0.7195100311786475,46.59306815836167,57.24289714419319
640,2.063514793765781,39.23247073306423,74.4047618990453
641,12.694928142198155,44.13588916673694,72.12885152391645
642,-12.639761282236407,30.341043798378763,69.07096168327112
643,8.538652840273224,54.41021350681369,69.0196078151677
644,11.560708646842825,42.43860938936264,70.05135380489901
645,-15.0577789938492,44.942089577522616,67.36694674805105
646,-16.906090706732655,39.65530400807202,66.83473386922776
647,-4.528342897999198,29.245763941147725,93.0572228925151
648,-19.91702919293361,14.007635727149214,83.40336131113342
649,-19.243782472023128,29.48529795516208,78.52474321462317
650,-33.15182041287533,19.034238755395688,80.90569556070523
651,-29.69391795392197,9.455489258619195,84.48179271049314
652,-39.59469474646824,7.633303313395939,93.41736689522027
653,-35.9530853991517,11.043769589529965,89.14565825296343
654,-22.660871147230527,-0.4881864465000087,80.88235287858532
655,-24.403023815027435,-24.293005060453385,80.63225288836306
656,-3.9359986503170465,-1.2977564833271389,88.13025207182494
657,-22.253495659784367,-30.534195147449594,72.24889958345533
658,-13.248406895698896,-20.48208942980433,85.94771237726178
659,-13.682858652087756,-41.206831184879086,66.10644252554192
660,-4.549356776952575,-15.596721842713313,74.39309059175456
661,5.811493344265061,-38.29906767446633,81.02240900665777
662,9.365554296189998,-30.957327342461657,82.2729091355643
663,12.852937367542452,-38.02715260537353,65.42950515594433
664,15.666956538992514,-28.470008486128336,70.41316525074602
665,10.726231557799466,-29.215196139361108,68.87254900053935
666,36.18120225178478,-28.191810373655994,74.5658262926554
667,18.902418683931742,-23.70323463845105,79.391756654033
668,31.194283254527754,-30.673838533546164,69.72789116899173
669,45.85572273529,-21.686459077633913,72.9971989020583
670,42.972537755597585,-13.465045530455846,68.81419229372143
671,34.52939422792731,4.273308652874358,64.03361343178284
672,13.987333972866335,16.420233054569167,83.94024272643104
673,22.762815960413462,10.520969739517938,81.59263700934832
674,43.2947956089754,20.82165247741242,85.15406159456133
675,22.587150129105403,-16.1701156646017,84.43043880689922
676,49.97622575346364,12.774341449596823,76.05042015045649
677,45.959875314420614,14.656796750469063,84.12698413222068
678,42.05656470900332,15.78437135711709,71.87208209488807
679,31.88912934453522,26.657996509738872,66.85340801006403
680,14.852959380666274,22.475481088733464,77.36694674302453
681,15.214049519212338,23.285907409953026,73.31932770747314
682,13.637357989988864,35.82837982911569,80.08403362044312
683,9.460437389847778,-8.516972436559033,70.16806721664285
684,21.56862745115813,-71.08590904395012,87.81512603363441
685,-3.423372725407035,16.394554443585296,78.31932771272277
686,-5.806906602477852,16.94695450900803,81.48459378410213
687,-5.209871820055909,29.78401964374266,86.69467785812783
688,-9.556585255954971,24.455608832079903,93.4873949765929
689,-16.199542937299327,23.103108234718615,97.17086834665191
690,-19.76150390886199,14.720458875193465,95.43417359687474
691,-6.047470665890677,7.894418603802167,99.88328661023273
692,-31.821870137374653,15.821603886993568,104.51680669989085
693,-35.33540349473975,-2.293648102400532,118.83753495928275
694,-36.28005996429838,0.4848168188355983,101.66066419131572
695,-29.053437147121933,0.16414468390156545,98.45938369400625
696,-38.75670466447662,-0.381208039792657,92.10084026850464
697,-21.11412241145819,-13.768469497049633,81.91526612574073
698,-35.895759783900104,-7.934529867112643,77.03081229327648
699,-25.60569174352079,-33.41904181981501,83.1757702166687
700,-6.982311625192726,-36.87367397205755,92.97385615324025
701,-26.275920313849024,-35.16879534625923,81.02240890908826
702,2.933804843457243,-34.336444150083665,94.28571426620321
703,-18.012049917109863,5.111916810454637,69.32773108548506
704,-10.637317198389653,-12.019528755538875,92.57703077420457
705,5.645205890483648,-18.630463948093134,101.07376277415042
706,11.363953825316662,-34.99541312940604,116.58663468242929
707,11.974050972764314,-30.10281004508737,99.1996798027195
708,24.818416403480914,-24.799314492960807,98.73949577013168
709,21.792684229224083,-27.955149214902466,100.42016805053356
710,30.979330250483386,-33.497069662078424,96.80672263289817
711,21.11558006246356,-43.14966640391721,103.46638655334176
712,21.348943627246914,-29.271708683022375,98.38935574616669
713,16.635814734360398,-18.24923075398316,99.36974784961023
714,26.986168174964085,-16.280982068384958,101.5056021401375
715,34.495553236495226,-17.622071535633445,106.16246488574417
716,36.47478685257695,-11.105613953710174,96.30252093307813
717,40.24267447204034,-8.451469807486582,95.23809518176004
718,43.6747108498385,9.465165581368147,86.09943975762555
719,40.31510749224785,-4.221646567646921,96.97478989283549
720,43.07174634833177,-1.564042282783161,107.56302520294005
721,35.838954241230944,5.589622207279865,114.88095235020778
722,36.56832425633468,-0.9848484754160127,113.27731081359805
723,31.98816390786794,7.314231241725759,108.02987858494387
724,31.79009478384509,17.40203403448432,114.05228757771191
725,31.312047547939432,27.371425843299654,110.83099907682808
726,27.514647259177384,23.0049763752355,100.18007200160572
727,13.51085635783128,-1.9185552872380502,89.55582230548158
728,8.753501402114304,39.17922718346837,82.21288515773995
729,16.66736811163176,13.318892354502665,106.77871146059644
730,12.391286470270325,17.879208903523384,95.21475253167426
731,14.259671869141963,30.560158369033047,98.01587294939421
732,19.871193865508484,41.05431116684999,98.85620907959199
733,13.252653752673877,28.03792811843841,87.78711487572821
734,19.410902387357833,21.003347440882987,88.2913164729115
735,18.565565101888108,24.58968180963562,92.01680667252954
736,13.674111350070323,5.634914076793666,94.9813258296092
737,1.3220119743436591,25.46402565176242,109.77591032263634
738,-5.3291060866929945,12.781886949996936,95.86834735411102
739,12.818895225191975,29.960758686922354,97.00280105108725
740,3.5545548227872708,34.90383860116963,109.7478990976241
741,-2.1787603922430927,31.418693710355793,103.32633048422883
742,-4.163091489182059,38.886358523386654,94.11764698249634
743,-11.129330540230594,28.361344537561493,79.13165266993083
744,-23.476622348127627,29.276329632807958,96.75536875675003
745,-25.725663983073066,26.30133869814026,99.15966382727207
746,-31.839116479127345,22.227810880351328,96.19514465551515
747,-31.00821891118848,20.78739826815401,86.27450976945488
748,-39.11559066294169,23.373718158371155,81.02240899301934
749,-39.74730039930277,12.362078656406938,74.5098038913142
750,-44.716020207680984,6.350830734244163,67.12184872872751
751,-46.149709833031906,20.916303366678722,62.00980386960136
752,-30.683846902477914,27.075874290720243,73.1559290089655
753,-30.252100831327837,2.380952379233921,65.26610640323364
754,-41.95858643048376,-15.454791340228635,64.59383752020408
755,-35.2596770724404,-20.798215724887662,65.96638651649576
756,-39.54234552924806,-26.728378206694465,66.87675067507028
757,-31.13652023809338,-27.62843519820534,61.83473389026506
758,-21.490367373413704,-34.56439911478851,66.29318390336682
759,-9.519703890143296,-17.850165006639873,68.69747895608202
760,-17.62634682539601,-42.7052184140667,59.63585429067841
761,-5.3221288560757305,-42.01639235817818,56.58263307090949
762,-11.479336665373562,-40.47093330398024,60.27077497821156
763,6.442979548733862,-22.056658501009384,67.11484590731222
764,7.2499932771262925,-22.674098144411293,68.39402426387592
765,24.48833572740063,2.9626446661177424,62.278244632148066
766,14.542775435875628,-38.293578758312165,66.4915966044953
767,8.001892666711422,-35.32673797804601,57.92316923592821
768,19.09453721052762,-0.12252669542796846,64.34573825473306
769,21.858578235947366,1.3528191784710395,79.69187676741836
770,24.031518111128555,-2.1170262420223938,62.97852472964564
771,38.27148532563402,-15.251676413736687,39.88095235081771
772,16.86399474875965,1.4438536193437126,59.783913486683105
773,27.383764085225657,-4.941607952664625,50.02801116350722
774,17.90778851889681,-4.397712781673529,56.58263303193823
775,38.162163833408016,-6.6425896955564845,58.33333330046068
776,21.893732520760306,8.33224912588148,84.80392154600499
777,43.12327621733431,5.243001237317151,60.53221285539448
778,43.69757664876805,-5.964395864514118,65.03267970980396
779,29.911060380374366,2.616627465107724,69.39775907860826
780,48.49683423581992,19.242496739879236,50.11671334084243
781,48.88938146086818,14.143326503167295,37.983193252205126
782,10.079036645066175,29.40972472132264,81.45258099841618
783,53.905974131738546,18.041627212167032,50.980392149600895
784,44.599880924977235,32.26483817615427,57.02614377432748
785,43.86146376832718,26.878791915566882,48.73949576997654
786,50.02875121411466,44.427514881733444,54.785247394978235
787,38.00544962471509,43.5752077980754,55.0420167833742
788,39.925212471220114,48.42313181652926,63.165266034186935
789,8.823529411627746,39.49579831933997,80.53221288139089
790,25.09868087366588,46.150106443874435,67.36694676416201
791,23.4884938972544,55.5031027336975,73.20261435553181
792,13.42717894316084,43.260445543358934,83.55342132221286
793,14.215686277732459,22.4271021075564,78.10457517953267
794,-1.322757863821404,33.1377957880051,87.48832864049685
795,-0.38917111561579754,26.537137114868163,94.18767507910549
796,-6.955385835652834,25.342281872068824,100.70028011683495
797,-13.656482786121584,3.710463986321889,109.20868350557156
798,2.3039292867758236,21.458569735610208,95.9150326356905
799,-25.068643605322166,-3.9201842236443443,113.49206345830514
800,-15.230915593538711,-11.764705881662415,116.9117647009341
801,-13.035566074379364,-21.63434563397827,110.80765631671129
802,-26.643517651299476,-17.37488765303994,101.37254898165679
803,-30.023110225943668,-24.631307048345956,102.80112040568493
804,-22.56446214248272,-6.613518133415222,110.19607844659518
805,-24.973680115702123,-29.700820958355628,111.25700278003494
806,-13.413220504503686,-4.543810788828654,117.26690678249575
807,15.944564675317,13.080204293039179,123.38935577855342
808,16.011280775992876,-26.69258357097395,109.45378140544442
809,-7.709765715744272,-33.71961577492707,106.94677869077272
810,-6.275206443511495,-30.005489990813672,99.4631185335554
811,9.32419937894309,-34.72500951081794,95.12138184258852
812,4.466769023057063,-33.91868107905127,87.73509397893496
813,10.705762832910786,-30.081292244202434,76.75070024209103
814,18.05144280498732,-27.3888444244365,82.98319328231642
815,14.320266820550081,-19.320054607296477,81.47258898548097
816,26.16208773248767,-15.009788427556389,83.02987868762317
817,34.62307393624387,-12.035447995646134,87.87114838011648
818,38.321002627238975,-11.453775951642566,94.53781515328248
819,36.59518602107073,-6.152761604281908,103.39635849439482
820,38.98308578143197,0.7741920366018986,112.46498596111059
821,40.33934360689058,-1.488463223081395,117.9871947481961
822,30.940915062456916,-2.3395284015844973,112.88515403878972
823,40.098949906082986,3.7744744384971654,107.34293714582407
824,40.601296051459535,0.5098184088668205,101.33053217836706
825,41.35552554041824,-1.9540769328741283,91.90009334831977
826,44.898590006722834,12.163604270256489,91.10644252834065
827,40.82255124314446,15.970165847678182,91.09243698956003
828,34.607189335949435,26.4438846266682,94.34173667682514
829,26.353000779702274,26.003714595220096,99.78991594019323
830,27.881602120557467,18.077680552190927,109.80392156127682
831,23.02332800309979,29.1154112940198,111.83473385768676
832,20.23208033556658,28.54372227652032,121.89542479725569
833,17.45456009743949,27.953598080784094,118.31932767371191
834,20.72296089474512,24.003803532445517,107.87114847892992
835,14.79649868183413,29.135723514279952,102.90616248700147
836,15.838276365727612,31.399571560536838,94.03361334143642
837,0.2900554164181358,8.038548744369809,105.50887021604044
838,6.41854721871955,31.97187963807912,87.42997199452407
839,2.1246864744878717,27.764946713396593,86.71802053675131
840,0.32093224176428325,32.16562462867823,93.66946772084137
841,-3.143618547024725,11.301670485473513,116.77871147468854
842,-0.4753146974964957,28.40376888118118,112.40896350751805
843,-7.905086267554674,28.62683960293149,122.32492999005406
844,7.73367763430385,-6.6353157320128995,132.73809522554666
845,-8.980753922470209,21.411402946814107,130.9056956946847
846,-9.185451948041068,21.95119459718074,119.39775907418301
847,-9.472732041049966,23.63558076878657,108.70681603495852
848,-8.10204130948983,16.434167082188246,105.01400555211993
849,-26.143958558669706,3.3636767822383566,105.91036411943163
850,-15.183106056714225,4.128987448844746,93.45238092830026
851,-19.437788562052994,-1.8693571677390677,94.45378146910431
852,-14.005602242438753,-17.883527107387614,110.50420169116303
853,-25.191656187348705,-12.909132077502905,102.41596635507113
854,-22.75605020824947,-13.635486171063121,118.09523803302477
855,-25.756270510419053,-14.9069745705479,123.16926776468917
856,-11.091871074119105,-2.348323151357496,142.20354815203166
857,-22.147197241344426,-16.423050692174012,135.65826323833494
858,-21.514599101519625,-12.988242433722185,133.27731111180518
859,-18.59834084295981,-13.171596906693775,129.27170875405537
860,-19.65966183493783,-16.104724720019153,118.30732298066738
861,-3.5088552009182292,0.21381135284911568,114.77591035868959
862,-3.501400565392192,-31.556834814411882,117.1568628042971
863,-6.932419423351174,-21.367789522059308,126.75070029214481
864,9.626897890536068,-19.346361423116704,116.1624649962694
865,20.5496718650378,-11.93366486516323,112.79178341065672
866,19.662505497865528,-34.13641150595,112.27824452413472
867,13.019025788909328,-40.7622796345518,118.10224090765237
868,6.600193944893082,-29.822427678072128,121.44857935203532
869,12.021641988966442,-31.21130943884886,132.4649860810141
870,26.274123268063416,-0.09903456608052788,134.64052291438588
871,15.008316467580553,-21.148459373274,135.50420155734778
872,16.26342118391262,-25.71272614936111,126.307189579839
873,24.476320817291317,-22.890796036838452,119.66386551865993
874,21.307950772619872,-29.97771580938168,108.88355339086519
875,28.12335791709044,-30.44388207578687,90.98039213991656
876,31.370812700386566,-26.719089262682648,93.62745090694712
877,38.511798630091555,-21.806520574051792,93.9542483670288
878,41.00848298866779,-18.776084386438537,106.30252099897649
879,28.9603071550278,-17.151900305345084,101.00840326688686
880,31.857060984980457,-18.865903252450185,106.97478988571602
881,22.282776713871502,-9.004856983717225,114.37908490399606
882,30.690614609531416,-11.322215744592924,124.78991593455497
883,32.89574076777815,2.4483395962443057,117.70308126997661
884,28.250191501087407,-1.6290935588093696,136.76470613481314
885,31.710817083919252,7.586769202933804,136.0994398135596
886,36.49509633606907,12.40546048301224,97.68907564326149
887,33.25494168002636,14.763541765151565,111.68067217040087
888,19.410774383361623,19.794397539374838,116.10644253867531
889,22.61245069038815,18.12447367654875,108.29131653812973
890,10.709348496165852,18.16866020268925,106.76937442141939
891,26.197872232459556,8.25193291407107,96.57863143738574
892,25.249103004928095,14.87694741041042,83.52941173919399
893,18.083153882955724,14.439425094726825,74.15966384160001
894,21.340689227455165,17.28535351954503,77.74859942283243
895,24.59822457195461,20.131281944363234,81.33753500406483
896,6.462483983252877,-5.123018898305759,103.54808591650847
897,13.46347375921385,11.769328929260041,68.8235293720633
898,10.819754667898373,14.891180367973355,74.4817927261889
899,26.99872340893164,25.155846627432766,90.84967316267264
900,33.34644210039139,36.352836574785854,107.39495804701083
901,25.24997118220497,27.849753512666325,101.45658261829641
902,21.946011549304885,35.295770628221874,103.52941172939384
903,15.763556249143324,25.193113833857957,108.74349732486975
904,13.484860685078546,26.837770859882106,117.80712281078074
905,7.72845080666869,28.821105022273997,123.10924373572824
906,9.390389153833867,28.233401098230857,128.78151268004277
907,5.211079381831901,28.979728227923033,120.72829127772468
908,10.667885000175236,30.388534194434968,129.318394097799
909,4.5362867381192284,6.776510256088059,126.44257706312877
910,-7.934475022342598,28.595922000202698,124.53314651170119
911,-2.5057691490937333,13.879931599682495,136.47058826254607
912,-19.775344472681887,20.5916507928768,127.76610651989205
913,-22.36080037064512,9.991398913987524,132.80112054220263
914,-20.859747919909083,12.019178030146014,125.85434166864256
915,-8.443966333294373,-4.572123221310346,129.5168067085215
916,-12.079134678852247,-6.2435504430510225,128.59143671048773
917,-4.151132675238294,4.952508782952244,141.5032680530696
918,-1.9548945145817764,0.8696667757271823,127.13585441423815
919,-6.792717083186841,-0.7339097147109735,131.93277302503927
920,9.754904475415984,30.45312818967916,108.636788111515
921,-2.6639797312891806,-26.752977279503302,130.22408967072977
922,-16.727060221297737,-9.80116143491422,123.77450992189573
923,-8.695134611314543,-34.091773054875304,123.20928374030503
924,-22.023681516773696,-18.77172753833848,136.20448183644666
925,-12.672654921296338,-32.53124988021768,134.55882374724953
926,-4.138940926981937,-31.64139645732257,135.95938391698863
927,17.900601108948074,-17.865118124234456,125.35014011180998
928,15.535528338807309,-7.5639376832570395,134.7619047439983
929,20.923778603179212,-23.855418419768625,135.68627458964497
930,25.078545299328358,-9.930067983823763,129.8519408757267
931,31.379837292009764,-9.236409215378888,140.70961726773945
932,29.186043111437534,-5.351989281234541,138.20028033350926
933,32.71844258215694,6.794709461846386,129.0196079301854
934,35.64646568453015,5.837208625146051,129.621849085908
935,35.838409405365994,6.123446011764387,124.45378144644734
936,28.819057886554937,7.536330182704312,116.29318391146187
937,14.680998665672018,3.801753013559683,115.71428571722655
938,29.19882850475253,12.32380577805184,114.32573030002268
939,34.77294837899103,12.37633615162331,121.94211017464472
940,29.944336303317428,22.593456564735902,122.89915967921294
941,20.456090672070246,3.2046008522915743,125.43017202803405
942,1.739642844027842,0.2769466497672667,108.12324925724846
943,29.4594793177448,23.433982540328607,120.65826330675581
944,23.341014948752726,26.209959914484827,139.91596650049348
945,16.736944771707417,30.011699105401902,132.5280112185977
946,7.1733213518519925,16.8086805420508,128.18627469815922
947,6.525756052898785,18.375777448652254,140.82633070804215
948,10.956492874065487,13.65033303343448,143.81752729908547
949,9.34141165171282,13.538164422462456,155.16206501731648
950,9.939618934453996,24.155864343962417,132.61304519199817
951,9.505374532785403,23.30642862055953,123.40936386532908
952,-0.8922828366231634,16.66459007142197,130.21541960309622
953,-11.28994020603173,10.022751522284409,137.02147534086333
954,2.407664684630095,14.380289567153575,127.45098042158027
955,11.177801071610764,13.101922580966837,117.88715488199365
956,-15.482874961495366,3.6713170078049657,151.01540618773674
957,2.4738082967268573,3.808729662413468,136.74136336924013
958,-4.667078516879137,3.252368704721758,122.24889967546966
959,-9.365051157695696,3.5804275468583304,137.85514226539004
960,-18.928573968252287,-14.113809673049099,149.1771712554495
961,-18.644707041015884,-19.759324610339267,155.82633079665987
962,-18.85679355417384,-19.143089895674898,164.03361364996582
963,-13.825828599240442,-20.218939627210045,163.25863694831077
964,-5.606294698019911,-19.738570941151455,143.45738320724064
965,12.31456039759502,-15.392127738857525,142.6237162165479
966,9.511190843575482,-21.730700711722637,150.4201683231472
967,9.757972210653598,-2.3896006054510974,139.82259584551096
968,9.07403112961205,-23.464693966665916,164.5658265326431
969,16.890782412780283,-20.46100342759527,172.6890759197654
970,21.399542000852456,-15.393686289184203,174.62651753159582
971,23.10428127349902,-4.566883141904657,157.78311338072822
972,15.004355867410139,-22.37233990521296,155.95238109699088
973,16.88619120089728,-13.01637172553094,147.54901977920582
974,17.32084500295437,6.738650007405212,135.43417387975933
975,15.024298849918882,-0.3537841796382456,149.56232492492836
976,4.962889194902298,-2.864110290440384,156.6176471401018
977,9.663865547046514,-28.282363418579152,135.22408946712326
978,1.8532539287456755,8.219868746128714,167.9271709486706
979,-3.6543253648438245,10.497663700842486,171.6619982608066
980,-15.18310606613181,7.761344433493003,176.0154063305864
981,-6.811593323145538,-2.4698566276181277,173.38935584779824
982,-9.645565892071929,-13.34614058970865,163.81886105840715
983,-5.764716656288629,-12.122384299149916,163.38535420121514
984,-1.768545798690485,-22.444654642308173,175.79831960273967
985,13.960388873674443,-12.893046123782412,165.44617886529218
986,6.687498229985652,-17.132979433085385,156.65266118316327
987,-14.16355262769466,-13.270381381290537,138.8235296317624
988,18.48995658736346,-1.53357807832514,168.20728309146992
989,17.393538216391505,-5.784172251895682,159.83893564130258
990,22.10746671772649,-0.6643187565793567,150.1680673265753
991,29.77290327587287,14.76444029591211,134.13365365147172
992,20.443702732889598,2.845057213881638,151.75070044685287
993,19.7531748357665,8.211775449486833,147.89915982779686
994,14.799586496106244,1.4975333554067034,166.31652668576197
995,16.38196019130186,7.297892225963274,159.29038315762182
996,17.897935684948006,2.4697976758985503,171.18847552210983
997,12.502821831100707,12.421112366300292,148.31932775325174
998,19.04302460905282,-16.75406862205017,169.01960793001314
999,-8.405362097866982,30.812324940352507,101.33053225462781
